"arrival_date","expected_count"
2023-01-01,24.5224094671361
2023-01-02,24.0785154880053
2023-01-03,32.1344950901678
2023-01-04,33.6192057500371
2023-01-05,26.017733519969
2023-01-06,26.1581873026225
2023-01-07,36.0869707630659
2023-01-08,23.5973529318495
2023-01-09,28.4035190723193
2023-01-10,30.1519606003021
2023-01-11,33.5682670703258
2023-01-12,25.9567494472106
2023-01-13,32.1963016251476
2023-01-14,28.5271427333087
2023-01-15,32.1843786748307
2023-01-16,29.0668418139689
2023-01-17,25.6235443040577
2023-01-18,35.1053848516278
2023-01-19,31.6450261696998
2023-01-20,20.6009161952072
2023-01-21,25.6686606195662
2023-01-22,26.1199664634765
2023-01-23,28.7330346679177
2023-01-24,22.0852421165444
2023-01-25,31.7631268704572
2023-01-26,22.5935294636918
2023-01-27,27.0304847461063
2023-01-28,22.0497562649357
2023-01-29,30.3506206957337
2023-01-30,26.6122567422111
2023-01-31,26.6087268644254
2023-02-01,25.1183915051342
2023-02-02,27.2631504562364
2023-02-03,26.1220946706846
2023-02-04,29.094328340134
2023-02-05,26.5691531087343
2023-02-06,32.0238870912404
2023-02-07,33.7595726156551
2023-02-08,26.0882611395919
2023-02-09,26.5508879309207
2023-02-10,33.0898117209179
2023-02-11,35.6664454953228
2023-02-12,30.2709033628664
2023-02-13,32.7513088542869
2023-02-14,27.5490241596374
2023-02-15,27.2019549327106
2023-02-16,28.7615275350986
2023-02-17,25.5955177687072
2023-02-18,26.0845335970252
2023-02-19,33.2242698516038
2023-02-20,27.157358480496
2023-02-21,29.1944086994171
2023-02-22,26.6164553940391
2023-02-23,23.1311427312715
2023-02-24,31.7127992021999
2023-02-25,36.204685142817
2023-02-26,26.1697435315186
2023-02-27,24.9545433315228
2023-02-28,24.6160844414935
2023-03-01,26.5868830547934
2023-03-02,28.558399196168
2023-03-03,19.5421133148142
2023-03-04,28.7096736625316
2023-03-05,26.756051746425
2023-03-06,25.147404235609
2023-03-07,32.2558882584531
2023-03-08,25.6693246161775
2023-03-09,26.1540352760468
2023-03-10,29.1668490422031
2023-03-11,29.1220215396357
2023-03-12,25.1712697358283
2023-03-13,27.961092232356
2023-03-14,25.9369135421795
2023-03-15,15.0766497967581
2023-03-16,21.7225647908616
2023-03-17,27.1566499609768
2023-03-18,29.1552726674154
2023-03-19,31.5144958950119
2023-03-20,27.1004575343891
2023-03-21,24.0463021668494
2023-03-22,27.1289551790009
2023-03-23,32.5723682140885
2023-03-24,24.2701842523173
2023-03-25,31.5845222147582
2023-03-26,21.4499241818796
2023-03-27,28.0322981808828
2023-03-28,25.9802953975674
2023-03-29,27.1051230643536
2023-03-30,26.9847160911926
2023-03-31,31.1863987829437
2023-04-01,24.1115946030131
2023-04-02,28.9954927983009
2023-04-03,27.1786792618856
2023-04-04,21.5707492791444
2023-04-05,28.0777033093323
2023-04-06,28.8182520284923
2023-04-07,25.183933008762
2023-04-08,27.4163932497143
2023-04-09,23.700830692807
2023-04-10,34.5989199478124
2023-04-11,25.6016883209216
2023-04-12,30.7150355385111
2023-04-13,37.931710161818
2023-04-14,37.7571662165439
2023-04-15,23.0395344191755
2023-04-16,26.0388746536889
2023-04-17,23.1080541341975
2023-04-18,21.6134136064576
2023-04-19,25.6691195553233
2023-04-20,29.7639705447463
2023-04-21,22.4597173425141
2023-04-22,26.5788047847019
2023-04-23,20.642961568687
2023-04-24,25.5532488009639
2023-04-25,21.6701836589274
2023-04-26,30.6488750810499
2023-04-27,25.0687691914475
2023-04-28,32.8400121160455
2023-04-29,31.6283995564237
2023-04-30,25.7403117178636
2023-05-01,28.4017766698195
2023-05-02,27.0582950832667
2023-05-03,30.553051136183
2023-05-04,26.0057920362429
2023-05-05,27.4669837714222
2023-05-06,28.0023199210454
2023-05-07,30.5405261829677
2023-05-08,25.6432699812135
2023-05-09,31.5242980642021
2023-05-10,21.0176190609689
2023-05-11,29.540199207024
2023-05-12,29.678500405453
2023-05-13,24.9644562484585
2023-05-14,35.5403724947886
2023-05-15,23.239623589167
2023-05-16,29.469931245895
2023-05-17,25.4129057660561
2023-05-18,25.6625033370402
2023-05-19,33.6262861713703
2023-05-20,28.3077585656571
2023-05-21,27.7276526760546
2023-05-22,29.6921530384595
2023-05-23,27.6701269325073
2023-05-24,31.6658795266468
2023-05-25,25.6865861016258
2023-05-26,35.6367359025349
2023-05-27,21.1778122767564
2023-05-28,27.5912486344808
2023-05-29,29.0951730505913
2023-05-30,29.5592348980697
2023-05-31,30.0881132950198
2023-06-01,32.0775676382643
2023-06-02,30.1068845501409
2023-06-03,32.1397891023914
2023-06-04,25.8277192493513
2023-06-05,28.5661987280503
2023-06-06,26.6089891715698
2023-06-07,21.5577039163292
2023-06-08,22.629753509137
2023-06-09,23.6055748189604
2023-06-10,23.5293355828803
2023-06-11,42.611271066957
2023-06-12,25.2500107803125
2023-06-13,30.3491669381843
2023-06-14,22.1219282626952
2023-06-15,23.6601345246176
2023-06-16,30.1013949754808
2023-06-17,25.0949949853959
2023-06-18,24.1648919939793
2023-06-19,28.0636987770596
2023-06-20,29.712324381684
2023-06-21,26.5042994624362
2023-06-22,23.6639670013308
2023-06-23,27.1501127173497
2023-06-24,32.1907505766447
2023-06-25,30.0561525437661
2023-06-26,27.1438282524411
2023-06-27,23.1018708621729
2023-06-28,19.600932083538
2023-06-29,26.1689555210454
2023-06-30,26.0648921918265
2023-07-01,25.1604607093242
2023-07-02,30.0842214732441
2023-07-03,30.6145349263438
2023-07-04,28.4206210859975
2023-07-05,23.7100894750388
2023-07-06,29.0307900900485
2023-07-07,28.9024971779278
2023-07-08,20.8540820349864
2023-07-09,24.1083066810688
2023-07-10,32.9774631200593
2023-07-11,33.5830248240011
2023-07-12,26.2310972888069
2023-07-13,25.0760172750327
2023-07-14,25.1617623195505
2023-07-15,30.71184266871
2023-07-16,32.6208592330936
2023-07-17,33.1357134018212
2023-07-18,26.9338292150751
2023-07-19,32.7081924272308
2023-07-20,25.0807891998878
2023-07-21,27.0865896303134
2023-07-22,29.6030408002078
2023-07-23,26.2510064085684
2023-07-24,26.085878558508
2023-07-25,24.9502459773831
2023-07-26,31.0606513512825
2023-07-27,25.9131471261595
2023-07-28,27.4816495288555
2023-07-29,23.6492098765729
2023-07-30,24.9758151044372
2023-07-31,24.6304979538314
2023-08-01,24.9013950203682
2023-08-02,26.8422145130659
2023-08-03,23.7735393092961
2023-08-04,24.6515422048313
2023-08-05,29.5684540212766
2023-08-06,32.6888721064077
2023-08-07,30.0549862763961
2023-08-08,24.5210011947883
2023-08-09,29.3874519097359
2023-08-10,22.9545310126233
2023-08-11,28.9592826952226
2023-08-12,25.0571013402881
2023-08-13,29.6470418148406
2023-08-14,25.7967566175535
2023-08-15,29.4180068556514
2023-08-16,29.6919384227437
2023-08-17,28.3444711311525
2023-08-18,32.1061525143701
2023-08-19,28.2404655645218
2023-08-20,35.4577001975103
2023-08-21,26.4571097201756
2023-08-22,28.014953614956
2023-08-23,25.0633798698675
2023-08-24,29.588115043386
2023-08-25,25.3271569750056
2023-08-26,30.3398039096666
2023-08-27,30.3995238187621
2023-08-28,27.6275837911614
2023-08-29,30.1996504655179
2023-08-30,25.6489081384102
2023-08-31,26.2680360308601
2023-09-01,27.7659582907727
2023-09-02,34.5503668959756
2023-09-03,34.2886912995203
2023-09-04,49.5258572168248
2023-09-05,47.8172011392028
2023-09-06,49.5645621995009
2023-09-07,51.8478840498544
2023-09-08,52.6259992906403
2023-09-09,47.0878827419419
2023-09-10,48.9724984653045
2023-09-11,48.7370475175823
2023-09-12,51.4504154970484
2023-09-13,49.6597548779751
2023-09-14,49.7019546133826
2023-09-15,51.0644094116061
2023-09-16,49.6236532374817
2023-09-17,54.8772578988325
2023-09-18,49.5624496399341
2023-09-19,53.1208466745331
2023-09-20,54.1610933390267
2023-09-21,51.4629689493576
2023-09-22,46.0356238885871
2023-09-23,45.9049447158339
2023-09-24,40.8941327008548
2023-09-25,49.8022766620094
2023-09-26,50.8521730981249
2023-09-27,47.7456952530821
2023-09-28,55.0755969131013
2023-09-29,51.4830662396822
2023-09-30,54.9724708195626
2023-10-01,41.7897052889534
2023-10-02,44.3599739675504
2023-10-03,48.9222522939813
2023-10-04,49.8666243019986
2023-10-05,46.7907489674853
2023-10-06,53.8676593117994
2023-10-07,51.0935666999744
2023-10-08,51.8816346769421
2023-10-09,59.5608159107007
2023-10-10,51.3120700191718
2023-10-11,51.1797538337193
2023-10-12,49.0462069919059
2023-10-13,47.4267589916746
2023-10-14,46.2076541311335
2023-10-15,56.4799862538199
2023-10-16,55.9594380975184
2023-10-17,48.8803356190021
2023-10-18,46.6119310251722
2023-10-19,42.2848881826657
2023-10-20,49.3786235793496
2023-10-21,54.620328341511
2023-10-22,39.4173378751277
2023-10-23,51.6709049681851
2023-10-24,47.3330943180788
2023-10-25,52.0998676859718
2023-10-26,43.4912201751558
2023-10-27,50.3131743765102
2023-10-28,47.2743256614272
2023-10-29,44.728670892371
2023-10-30,47.4883616363814
2023-10-31,53.7785206778684
2023-11-01,54.0143208271752
2023-11-02,48.1455993767715
2023-11-03,43.002893484866
2023-11-04,46.0558843965867
2023-11-05,52.1299221853627
2023-11-06,54.2244443982733
2023-11-07,54.1145784261671
2023-11-08,50.8423618286571
2023-11-09,58.7715340406628
2023-11-10,48.5645671823432
2023-11-11,49.8472314796718
2023-11-12,50.327185801241
2023-11-13,46.4430743546172
2023-11-14,47.4074127720049
2023-11-15,44.5610415483652
2023-11-16,57.800711233163
2023-11-17,55.9032237982396
2023-11-18,48.9384502094488
2023-11-19,48.3976537486598
2023-11-20,48.7104591116078
2023-11-21,43.2107334690554
2023-11-22,46.5774607539122
2023-11-23,53.1020315391745
2023-11-24,50.2196839252127
2023-11-25,52.6326271181685
2023-11-26,46.1372066440649
2023-11-27,48.8313633105288
2023-11-28,47.9643105926828
2023-11-29,46.185619160951
2023-11-30,43.2761298568708
2023-12-01,38.7469806767738
2023-12-02,27.4492569586057
2023-12-03,27.7981104432666
2023-12-04,29.0263699289765
2023-12-05,23.6915011225602
2023-12-06,28.6666049043088
2023-12-07,29.7683023979673
2023-12-08,30.8158818616022
2023-12-09,25.0155021827552
2023-12-10,28.27005560535
2023-12-11,32.805514148312
2023-12-12,24.9796990801978
2023-12-13,26.2996128789808
2023-12-14,26.5868511462207
2023-12-15,29.5834856566911
2023-12-16,31.3205393923426
2023-12-17,29.9952252574438
2023-12-18,27.0102842646897
2023-12-19,28.5012882889759
2023-12-20,28.4278240650906
2023-12-21,24.9408519828673
2023-12-22,26.3142613837034
2023-12-23,26.8854812667834
2023-12-24,29.3431428933995
2023-12-25,27.3987913104544
2023-12-26,31.9284472105291
2023-12-27,23.4905611487039
2023-12-28,26.6193403574309
2023-12-29,25.0967089050569
2023-12-30,30.5865022364996
2023-12-31,27.692447366796
2024-01-01,24.6029116666146
2024-01-02,24.1590176874839
2024-01-03,32.2149972896463
2024-01-04,33.6997079495156
2024-01-05,26.0982357194476
2024-01-06,26.238689502101
2024-01-07,36.1674729625444
2024-01-08,23.677855131328
2024-01-09,28.4840212717978
2024-01-10,30.2324627997807
2024-01-11,33.6487692698043
2024-01-12,26.0372516466891
2024-01-13,32.2768038246261
2024-01-14,28.6076449327872
2024-01-15,32.2648808743092
2024-01-16,29.1473440134474
2024-01-17,25.7040465035363
2024-01-18,35.1858870511063
2024-01-19,31.7255283691783
2024-01-20,20.6814183946857
2024-01-21,25.7491628190447
2024-01-22,26.200468662955
2024-01-23,28.8135368673962
2024-01-24,22.1657443160229
2024-01-25,31.8436290699357
2024-01-26,22.6740316631704
2024-01-27,27.1109869455848
2024-01-28,22.1302584644143
2024-01-29,30.4311228952122
2024-01-30,26.6927589416896
2024-01-31,26.6892290639039
2024-02-01,25.1988937046127
2024-02-02,27.3436526557149
2024-02-03,26.2025968701631
2024-02-04,29.1748305396125
2024-02-05,26.6496553082129
2024-02-06,32.104389290719
2024-02-07,33.8400748151337
2024-02-08,26.1687633390704
2024-02-09,26.6313901303992
2024-02-10,33.1703139203964
2024-02-11,35.7469476948013
2024-02-12,30.3514055623449
2024-02-13,32.8318110537654
2024-02-14,27.6295263591159
2024-02-15,27.2824571321891
2024-02-16,28.8420297345771
2024-02-17,25.6760199681857
2024-02-18,26.1650357965037
2024-02-19,33.3047720510824
2024-02-20,27.2378606799745
2024-02-21,29.2749108988956
2024-02-22,26.6969575935176
2024-02-23,23.21164493075
2024-02-24,31.7933014016784
2024-02-25,36.2851873422956
2024-02-26,26.2502457309971
2024-02-27,25.0350455310013
2024-02-28,24.696586640972
2024-02-29,26.6673852542719
2024-03-01,28.6389013956466
2024-03-02,19.6226155142927
2024-03-03,28.7901758620101
2024-03-04,26.8365539459035
2024-03-05,25.2279064350875
2024-03-06,32.3363904579316
2024-03-07,25.7498268156561
2024-03-08,26.2345374755253
2024-03-09,29.2473512416816
2024-03-10,29.2025237391142
2024-03-11,25.2517719353068
2024-03-12,28.0415944318346
2024-03-13,26.017415741658
2024-03-14,15.1571519962366
2024-03-15,21.8030669903401
2024-03-16,27.2371521604553
2024-03-17,29.235774866894
2024-03-18,31.5949980944905
2024-03-19,27.1809597338676
2024-03-20,24.1268043663279
2024-03-21,27.2094573784794
2024-03-22,32.652870413567
2024-03-23,24.3506864517959
2024-03-24,31.6650244142367
2024-03-25,21.5304263813581
2024-03-26,28.1128003803613
2024-03-27,26.0607975970459
2024-03-28,27.1856252638321
2024-03-29,27.0652182906711
2024-03-30,31.2669009824222
2024-03-31,24.1920968024917
2024-04-01,29.0759949977794
2024-04-02,27.2591814613641
2024-04-03,21.6512514786229
2024-04-04,28.1582055088108
2024-04-05,28.8987542279709
2024-04-06,25.2644352082405
2024-04-07,27.4968954491929
2024-04-08,23.7813328922855
2024-04-09,34.6794221472909
2024-04-10,25.6821905204001
2024-04-11,30.7955377379896
2024-04-12,38.0122123612965
2024-04-13,37.8376684160225
2024-04-14,23.120036618654
2024-04-15,26.1193768531674
2024-04-16,23.188556333676
2024-04-17,21.6939158059361
2024-04-18,25.7496217548018
2024-04-19,29.8444727442248
2024-04-20,22.5402195419926
2024-04-21,26.6593069841804
2024-04-22,20.7234637681655
2024-04-23,25.6337510004425
2024-04-24,21.7506858584059
2024-04-25,30.7293772805285
2024-04-26,25.149271390926
2024-04-27,32.9205143155241
2024-04-28,31.7089017559023
2024-04-29,25.8208139173421
2024-04-30,28.482278869298
2024-05-01,27.1387972827452
2024-05-02,30.6335533356615
2024-05-03,26.0862942357214
2024-05-04,27.5474859709007
2024-05-05,28.0828221205239
2024-05-06,30.6210283824463
2024-05-07,25.723772180692
2024-05-08,31.6048002636806
2024-05-09,21.0981212604474
2024-05-10,29.6207014065025
2024-05-11,29.7590026049315
2024-05-12,25.044958447937
2024-05-13,35.6208746942671
2024-05-14,23.3201257886455
2024-05-15,29.5504334453735
2024-05-16,25.4934079655346
2024-05-17,25.7430055365187
2024-05-18,33.7067883708488
2024-05-19,28.3882607651356
2024-05-20,27.8081548755332
2024-05-21,29.7726552379381
2024-05-22,27.7506291319859
2024-05-23,31.7463817261253
2024-05-24,25.7670883011043
2024-05-25,35.7172381020134
2024-05-26,21.2583144762349
2024-05-27,27.6717508339594
2024-05-28,29.1756752500699
2024-05-29,29.6397370975483
2024-05-30,30.1686154944983
2024-05-31,32.1580698377428
2024-06-01,30.1873867496194
2024-06-02,32.2202913018699
2024-06-03,25.9082214488298
2024-06-04,28.6467009275288
2024-06-05,26.6894913710483
2024-06-06,21.6382061158077
2024-06-07,22.7102557086155
2024-06-08,23.6860770184389
2024-06-09,23.6098377823588
2024-06-10,42.6917732664355
2024-06-11,25.3305129797911
2024-06-12,30.4296691376628
2024-06-13,22.2024304621737
2024-06-14,23.7406367240961
2024-06-15,30.1818971749593
2024-06-16,25.1754971848744
2024-06-17,24.2453941934578
2024-06-18,28.1442009765381
2024-06-19,29.7928265811625
2024-06-20,26.5848016619147
2024-06-21,23.7444692008094
2024-06-22,27.2306149168282
2024-06-23,32.2712527761233
2024-06-24,30.1366547432446
2024-06-25,27.2243304519197
2024-06-26,23.1823730616514
2024-06-27,19.6814342830165
2024-06-28,26.2494577205239
2024-06-29,26.145394391305
2024-06-30,25.2409629088028
2024-07-01,30.1647236727226
2024-07-02,30.6950371258223
2024-07-03,28.501123285476
2024-07-04,23.7905916745174
2024-07-05,29.1112922895271
2024-07-06,28.9829993774063
2024-07-07,20.934584234465
2024-07-08,24.1888088805473
2024-07-09,33.0579653195378
2024-07-10,33.6635270234796
2024-07-11,26.3115994882855
2024-07-12,25.1565194745112
2024-07-13,25.242264519029
2024-07-14,30.7923448681885
2024-07-15,32.7013614325721
2024-07-16,33.2162156012997
2024-07-17,27.0143314145536
2024-07-18,32.7886946267093
2024-07-19,25.1612913993664
2024-07-20,27.1670918297919
2024-07-21,29.6835429996863
2024-07-22,26.3315086080469
2024-07-23,26.1663807579865
2024-07-24,25.0307481768616
2024-07-25,31.141153550761
2024-07-26,25.993649325638
2024-07-27,27.562151728334
2024-07-28,23.7297120760514
2024-07-29,25.0563173039157
2024-07-30,24.7110001533099
2024-07-31,24.9818972198468
2024-08-01,26.9227167125444
2024-08-02,23.8540415087746
2024-08-03,24.7320444043098
2024-08-04,29.6489562207551
2024-08-05,32.7693743058862
2024-08-06,30.1354884758746
2024-08-07,24.6015033942668
2024-08-08,29.4679541092144
2024-08-09,23.0350332121018
2024-08-10,29.0397848947011
2024-08-11,25.1376035397666
2024-08-12,29.7275440143191
2024-08-13,25.877258817032
2024-08-14,29.49850905513
2024-08-15,29.7724406222222
2024-08-16,28.4249733306311
2024-08-17,32.1866547138486
2024-08-18,28.3209677640004
2024-08-19,35.5382023969888
2024-08-20,26.5376119196541
2024-08-21,28.0954558144345
2024-08-22,25.143882069346
2024-08-23,29.6686172428645
2024-08-24,25.4076591744841
2024-08-25,30.4203061091451
2024-08-26,30.4800260182406
2024-08-27,27.7080859906399
2024-08-28,30.2801526649965
2024-08-29,25.7294103378887
2024-08-30,26.3485382303386
2024-08-31,27.8464604902512
2024-09-01,34.6308690954541
2024-09-02,34.3691934989989
2024-09-03,49.6063594163033
2024-09-04,47.8977033386814
2024-09-05,49.6450643989794
2024-09-06,51.9283862493329
2024-09-07,52.7065014901188
2024-09-08,47.1683849414205
2024-09-09,49.053000664783
2024-09-10,48.8175497170608
2024-09-11,51.530917696527
2024-09-12,49.7402570774537
2024-09-13,49.7824568128611
2024-09-14,51.1449116110846
2024-09-15,49.7041554369602
2024-09-16,54.957760098311
2024-09-17,49.6429518394126
2024-09-18,53.2013488740116
2024-09-19,54.2415955385053
2024-09-20,51.5434711488361
2024-09-21,46.1161260880656
2024-09-22,45.9854469153124
2024-09-23,40.9746349003334
2024-09-24,49.8827788614879
2024-09-25,50.9326752976034
2024-09-26,47.8261974525606
2024-09-27,55.1560991125798
2024-09-28,51.5635684391607
2024-09-29,55.0529730190411
2024-09-30,41.8702074884319
2024-10-01,44.4404761670289
2024-10-02,49.0027544934599
2024-10-03,49.9471265014771
2024-10-04,46.8712511669638
2024-10-05,53.948161511278
2024-10-06,51.1740688994529
2024-10-07,51.9621368764206
2024-10-08,59.6413181101792
2024-10-09,51.3925722186503
2024-10-10,51.2602560331978
2024-10-11,49.1267091913844
2024-10-12,47.5072611911531
2024-10-13,46.288156330612
2024-10-14,56.5604884532984
2024-10-15,56.0399402969969
2024-10-16,48.9608378184806
2024-10-17,46.6924332246507
2024-10-18,42.3653903821443
2024-10-19,49.4591257788281
2024-10-20,54.7008305409895
2024-10-21,39.4978400746062
2024-10-22,51.7514071676637
2024-10-23,47.4135965175573
2024-10-24,52.1803698854503
2024-10-25,43.5717223746343
2024-10-26,50.3936765759887
2024-10-27,47.3548278609058
2024-10-28,44.8091730918495
2024-10-29,47.5688638358599
2024-10-30,53.8590228773469
2024-10-31,54.0948230266537
2024-11-01,48.22610157625
2024-11-02,43.0833956843445
2024-11-03,46.1363865960653
2024-11-04,52.2104243848412
2024-11-05,54.3049465977518
2024-11-06,54.1950806256456
2024-11-07,50.9228640281356
2024-11-08,58.8520362401414
2024-11-09,48.6450693818218
2024-11-10,49.9277336791504
2024-11-11,50.4076880007196
2024-11-12,46.5235765540957
2024-11-13,47.4879149714834
2024-11-14,44.6415437478437
2024-11-15,57.8812134326415
2024-11-16,55.9837259977181
2024-11-17,49.0189524089273
2024-11-18,48.4781559481383
2024-11-19,48.7909613110863
2024-11-20,43.2912356685339
2024-11-21,46.6579629533908
2024-11-22,53.1825337386531
2024-11-23,50.3001861246913
2024-11-24,52.713129317647
2024-11-25,46.2177088435434
2024-11-26,48.9118655100073
2024-11-27,48.0448127921614
2024-11-28,46.2661213604295
2024-11-29,43.3566320563493
2024-11-30,38.8274828762523
2024-12-01,27.5297591580842
2024-12-02,27.8786126427451
2024-12-03,29.106872128455
2024-12-04,23.7720033220387
2024-12-05,28.7471071037873
2024-12-06,29.8488045974458
2024-12-07,30.8963840610807
2024-12-08,25.0960043822337
2024-12-09,28.3505578048285
2024-12-10,32.8860163477905
2024-12-11,25.0602012796763
2024-12-12,26.3801150784593
2024-12-13,26.6673533456992
2024-12-14,29.6639878561697
2024-12-15,31.4010415918211
2024-12-16,30.0757274569223
2024-12-17,27.0907864641683
2024-12-18,28.5817904884544
2024-12-19,28.5083262645691
2024-12-20,25.0213541823458
2024-12-21,26.394763583182
2024-12-22,26.9659834662619
2024-12-23,29.4236450928781
2024-12-24,27.4792935099329
2024-12-25,32.0089494100077
2024-12-26,23.5710633481824
2024-12-27,26.6998425569094
2024-12-28,25.1772111045354
2024-12-29,30.6670044359781
2024-12-30,27.7729495662745
2024-12-31,24.6834138660932
2025-01-01,24.2395198869624
2025-01-02,32.2954994891249
2025-01-03,33.7802101489941
2025-01-04,26.1787379189261
2025-01-05,26.3191917015795
2025-01-06,36.2479751620229
2025-01-07,23.7583573308065
2025-01-08,28.5645234712764
2025-01-09,30.3129649992592
2025-01-10,33.7292714692828
2025-01-11,26.1177538461676
2025-01-12,32.3573060241046
2025-01-13,28.6881471322658
2025-01-14,32.3453830737877
2025-01-15,29.2278462129259
2025-01-16,25.7845487030148
2025-01-17,35.2663892505848
2025-01-18,31.8060305686568
2025-01-19,20.7619205941642
2025-01-20,25.8296650185232
2025-01-21,26.2809708624335
2025-01-22,28.8940390668747
2025-01-23,22.2462465155014
2025-01-24,31.9241312694143
2025-01-25,22.7545338626489
2025-01-26,27.1914891450633
2025-01-27,22.2107606638928
2025-01-28,30.5116250946908
2025-01-29,26.7732611411682
2025-01-30,26.7697312633824
2025-01-31,25.2793959040912
2025-02-01,27.4241548551934
2025-02-02,26.2830990696416
2025-02-03,29.2553327390911
2025-02-04,26.7301575076914
2025-02-05,32.1848914901975
2025-02-06,33.9205770146122
2025-02-07,26.2492655385489
2025-02-08,26.7118923298778
2025-02-09,33.2508161198749
2025-02-10,35.8274498942798
2025-02-11,30.4319077618234
2025-02-12,32.9123132532439
2025-02-13,27.7100285585944
2025-02-14,27.3629593316676
2025-02-15,28.9225319340556
2025-02-16,25.7565221676643
2025-02-17,26.2455379959822
2025-02-18,33.3852742505609
2025-02-19,27.318362879453
2025-02-20,29.3554130983742
2025-02-21,26.7774597929961
2025-02-22,23.2921471302285
2025-02-23,31.8738036011569
2025-02-24,36.3656895417741
2025-02-25,26.3307479304756
2025-02-26,25.1155477304798
2025-02-27,24.7770888404506
2025-02-28,26.7478874537504
2025-03-01,28.7194035951251
2025-03-02,19.7031177137712
2025-03-03,28.8706780614886
2025-03-04,26.917056145382
2025-03-05,25.3084086345661
2025-03-06,32.4168926574101
2025-03-07,25.8303290151346
2025-03-08,26.3150396750038
2025-03-09,29.3278534411601
2025-03-10,29.2830259385927
2025-03-11,25.3322741347853
2025-03-12,28.1220966313131
2025-03-13,26.0979179411365
2025-03-14,15.2376541957151
2025-03-15,21.8835691898186
2025-03-16,27.3176543599339
2025-03-17,29.3162770663725
2025-03-18,31.675500293969
2025-03-19,27.2614619333462
2025-03-20,24.2073065658064
2025-03-21,27.2899595779579
2025-03-22,32.7333726130455
2025-03-23,24.4311886512744
2025-03-24,31.7455266137152
2025-03-25,21.6109285808366
2025-03-26,28.1933025798398
2025-03-27,26.1412997965245
2025-03-28,27.2661274633106
2025-03-29,27.1457204901496
2025-03-30,31.3474031819007
2025-03-31,24.2725990019702
2025-04-01,29.156497197258
2025-04-02,27.3396836608426
2025-04-03,21.7317536781015
2025-04-04,28.2387077082893
2025-04-05,28.9792564274494
2025-04-06,25.344937407719
2025-04-07,27.5773976486714
2025-04-08,23.861835091764
2025-04-09,34.7599243467695
2025-04-10,25.7626927198787
2025-04-11,30.8760399374681
2025-04-12,38.092714560775
2025-04-13,37.918170615501
2025-04-14,23.2005388181325
2025-04-15,26.1998790526459
2025-04-16,23.2690585331546
2025-04-17,21.7744180054146
2025-04-18,25.8301239542804
2025-04-19,29.9249749437034
2025-04-20,22.6207217414711
2025-04-21,26.7398091836589
2025-04-22,20.803965967644
2025-04-23,25.714253199921
2025-04-24,21.8311880578844
2025-04-25,30.809879480007
2025-04-26,25.2297735904046
2025-04-27,33.0010165150026
2025-04-28,31.7894039553808
2025-04-29,25.9013161168206
2025-04-30,28.5627810687765
2025-05-01,27.2192994822237
2025-05-02,30.7140555351401
2025-05-03,26.1667964351999
2025-05-04,27.6279881703792
2025-05-05,28.1633243200024
2025-05-06,30.7015305819248
2025-05-07,25.8042743801705
2025-05-08,31.6853024631591
2025-05-09,21.1786234599259
2025-05-10,29.701203605981
2025-05-11,29.83950480441
2025-05-12,25.1254606474156
2025-05-13,35.7013768937456
2025-05-14,23.4006279881241
2025-05-15,29.630935644852
2025-05-16,25.5739101650131
2025-05-17,25.8235077359972
2025-05-18,33.7872905703273
2025-05-19,28.4687629646141
2025-05-20,27.8886570750117
2025-05-21,29.8531574374166
2025-05-22,27.8311313314644
2025-05-23,31.8268839256038
2025-05-24,25.8475905005829
2025-05-25,35.7977403014919
2025-05-26,21.3388166757134
2025-05-27,27.7522530334379
2025-05-28,29.2561774495484
2025-05-29,29.7202392970268
2025-05-30,30.2491176939768
2025-05-31,32.2385720372213
2025-06-01,30.2678889490979
2025-06-02,32.3007935013484
2025-06-03,25.9887236483083
2025-06-04,28.7272031270074
2025-06-05,26.7699935705268
2025-06-06,21.7187083152862
2025-06-07,22.790757908094
2025-06-08,23.7665792179175
2025-06-09,23.6903399818373
2025-06-10,42.772275465914
2025-06-11,25.4110151792696
2025-06-12,30.5101713371413
2025-06-13,22.2829326616523
2025-06-14,23.8211389235746
2025-06-15,30.2623993744378
2025-06-16,25.2559993843529
2025-06-17,24.3258963929363
2025-06-18,28.2247031760166
2025-06-19,29.873328780641
2025-06-20,26.6653038613932
2025-06-21,23.8249714002879
2025-06-22,27.3111171163067
2025-06-23,32.3517549756018
2025-06-24,30.2171569427231
2025-06-25,27.3048326513982
2025-06-26,23.2628752611299
2025-06-27,19.7619364824951
2025-06-28,26.3299599200024
2025-06-29,26.2258965907835
2025-06-30,25.3214651082813
2025-07-01,30.2452258722011
2025-07-02,30.7755393253008
2025-07-03,28.5816254849545
2025-07-04,23.8710938739959
2025-07-05,29.1917944890056
2025-07-06,29.0635015768849
2025-07-07,21.0150864339435
2025-07-08,24.2693110800258
2025-07-09,33.1384675190163
2025-07-10,33.7440292229581
2025-07-11,26.392101687764
2025-07-12,25.2370216739897
2025-07-13,25.3227667185075
2025-07-14,30.872847067667
2025-07-15,32.7818636320506
2025-07-16,33.2967178007782
2025-07-17,27.0948336140321
2025-07-18,32.8691968261878
2025-07-19,25.2417935988449
2025-07-20,27.2475940292705
2025-07-21,29.7640451991649
2025-07-22,26.4120108075254
2025-07-23,26.246882957465
2025-07-24,25.1112503763402
2025-07-25,31.2216557502395
2025-07-26,26.0741515251166
2025-07-27,27.6426539278125
2025-07-28,23.8102142755299
2025-07-29,25.1368195033942
2025-07-30,24.7915023527884
2025-07-31,25.0623994193253
2025-08-01,27.003218912023
2025-08-02,23.9345437082531
2025-08-03,24.8125466037883
2025-08-04,29.7294584202337
2025-08-05,32.8498765053648
2025-08-06,30.2159906753531
2025-08-07,24.6820055937453
2025-08-08,29.5484563086929
2025-08-09,23.1155354115803
2025-08-10,29.1202870941796
2025-08-11,25.2181057392451
2025-08-12,29.8080462137977
2025-08-13,25.9577610165105
2025-08-14,29.5790112546085
2025-08-15,29.8529428217007
2025-08-16,28.5054755301096
2025-08-17,32.2671569133272
2025-08-18,28.4014699634789
2025-08-19,35.6187045964673
2025-08-20,26.6181141191326
2025-08-21,28.175958013913
2025-08-22,25.2243842688245
2025-08-23,29.749119442343
2025-08-24,25.4881613739626
2025-08-25,30.5008083086237
2025-08-26,30.5605282177191
2025-08-27,27.7885881901184
2025-08-28,30.360654864475
2025-08-29,25.8099125373672
2025-08-30,26.4290404298172
2025-08-31,27.9269626897297
2025-09-01,34.7113712949326
2025-09-02,34.4496956984774
2025-09-03,49.6868616157819
2025-09-04,47.9782055381599
2025-09-05,49.725566598458
2025-09-06,52.0088884488114
2025-09-07,52.7870036895974
2025-09-08,47.248887140899
2025-09-09,49.1335028642616
2025-09-10,48.8980519165393
2025-09-11,51.6114198960055
2025-09-12,49.8207592769322
2025-09-13,49.8629590123396
2025-09-14,51.2254138105631
2025-09-15,49.7846576364387
2025-09-16,55.0382622977896
2025-09-17,49.7234540388911
2025-09-18,53.2818510734901
2025-09-19,54.3220977379838
2025-09-20,51.6239733483146
2025-09-21,46.1966282875441
2025-09-22,46.0659491147909
2025-09-23,41.0551370998119
2025-09-24,49.9632810609665
2025-09-25,51.0131774970819
2025-09-26,47.9066996520391
2025-09-27,55.2366013120583
2025-09-28,51.6440706386393
2025-09-29,55.1334752185196
2025-09-30,41.9507096879104
2025-10-01,44.5209783665074
2025-10-02,49.0832566929384
2025-10-03,50.0276287009556
2025-10-04,46.9517533664423
2025-10-05,54.0286637107565
2025-10-06,51.2545710989314
2025-10-07,52.0426390758991
2025-10-08,59.7218203096577
2025-10-09,51.4730744181288
2025-10-10,51.3407582326764
2025-10-11,49.207211390863
2025-10-12,47.5877633906317
2025-10-13,46.3686585300905
2025-10-14,56.6409906527769
2025-10-15,56.1204424964755
2025-10-16,49.0413400179591
2025-10-17,46.7729354241292
2025-10-18,42.4458925816228
2025-10-19,49.5396279783066
2025-10-20,54.781332740468
2025-10-21,39.5783422740847
2025-10-22,51.8319093671422
2025-10-23,47.4940987170358
2025-10-24,52.2608720849288
2025-10-25,43.6522245741129
2025-10-26,50.4741787754672
2025-10-27,47.4353300603843
2025-10-28,44.889675291328
2025-10-29,47.6493660353384
2025-10-30,53.9395250768254
2025-10-31,54.1753252261322
2025-11-01,48.3066037757285
2025-11-02,43.163897883823
2025-11-03,46.2168887955438
2025-11-04,52.2909265843197
2025-11-05,54.3854487972303
2025-11-06,54.2755828251241
2025-11-07,51.0033662276141
2025-11-08,58.9325384396199
2025-11-09,48.7255715813003
2025-11-10,50.0082358786289
2025-11-11,50.4881902001981
2025-11-12,46.6040787535743
2025-11-13,47.568417170962
2025-11-14,44.7220459473222
2025-11-15,57.96171563212
2025-11-16,56.0642281971966
2025-11-17,49.0994546084058
2025-11-18,48.5586581476169
2025-11-19,48.8714635105648
2025-11-20,43.3717378680124
2025-11-21,46.7384651528693
2025-11-22,53.2630359381316
2025-11-23,50.3806883241698
2025-11-24,52.7936315171256
2025-11-25,46.2982110430219
2025-11-26,48.9923677094859
2025-11-27,48.1253149916399
2025-11-28,46.346623559908
2025-11-29,43.4371342558278
2025-11-30,38.9079850757309
2025-12-01,27.6102613575627
2025-12-02,27.9591148422236
2025-12-03,29.1873743279335
2025-12-04,23.8525055215172
2025-12-05,28.8276093032658
2025-12-06,29.9293067969244
2025-12-07,30.9768862605592
2025-12-08,25.1765065817122
2025-12-09,28.431060004307
2025-12-10,32.9665185472691
2025-12-11,25.1407034791548
2025-12-12,26.4606172779379
2025-12-13,26.7478555451777
2025-12-14,29.7444900556482
2025-12-15,31.4815437912996
2025-12-16,30.1562296564008
2025-12-17,27.1712886636468
2025-12-18,28.6622926879329
2025-12-19,28.5888284640477
2025-12-20,25.1018563818243
2025-12-21,26.4752657826605
2025-12-22,27.0464856657404
2025-12-23,29.5041472923566
2025-12-24,27.5597957094114
2025-12-25,32.0894516094862
2025-12-26,23.6515655476609
2025-12-27,26.7803447563879
2025-12-28,25.257713304014
2025-12-29,30.7475066354567
2025-12-30,27.853451765753
2025-12-31,24.7639160655717
2026-01-01,24.3200220864409
2026-01-02,32.3760016886034
2026-01-03,33.8607123484726
2026-01-04,26.2592401184046
2026-01-05,26.399693901058
2026-01-06,36.3284773615014
2026-01-07,23.838859530285
2026-01-08,28.6450256707549
2026-01-09,30.3934671987377
2026-01-10,33.8097736687613
2026-01-11,26.1982560456462
2026-01-12,32.4378082235832
2026-01-13,28.7686493317443
2026-01-14,32.4258852732663
2026-01-15,29.3083484124045
2026-01-16,25.8650509024933
2026-01-17,35.3468914500634
2026-01-18,31.8865327681353
2026-01-19,20.8424227936427
2026-01-20,25.9101672180017
2026-01-21,26.3614730619121
2026-01-22,28.9745412663532
2026-01-23,22.32674871498
2026-01-24,32.0046334688928
2026-01-25,22.8350360621274
2026-01-26,27.2719913445419
2026-01-27,22.2912628633713
2026-01-28,30.5921272941693
2026-01-29,26.8537633406467
2026-01-30,26.8502334628609
2026-01-31,25.3598981035698
2026-02-01,27.5046570546719
2026-02-02,26.3636012691201
2026-02-03,29.3358349385696
2026-02-04,26.8106597071699
2026-02-05,32.265393689676
2026-02-06,34.0010792140907
2026-02-07,26.3297677380275
2026-02-08,26.7923945293563
2026-02-09,33.3313183193534
2026-02-10,35.9079520937583
2026-02-11,30.5124099613019
2026-02-12,32.9928154527224
2026-02-13,27.7905307580729
2026-02-14,27.4434615311461
2026-02-15,29.0030341335342
2026-02-16,25.8370243671428
2026-02-17,26.3260401954608
2026-02-18,33.4657764500394
2026-02-19,27.3988650789316
2026-02-20,29.4359152978527
2026-02-21,26.8579619924746
2026-02-22,23.372649329707
2026-02-23,31.9543058006354
2026-02-24,36.4461917412526
2026-02-25,26.4112501299541
2026-02-26,25.1960499299583
2026-02-27,24.8575910399291
2026-02-28,26.8283896532289
2026-03-01,28.7999057946036
2026-03-02,19.7836199132497
2026-03-03,28.9511802609671
2026-03-04,26.9975583448605
2026-03-05,25.3889108340446
2026-03-06,32.4973948568887
2026-03-07,25.9108312146131
2026-03-08,26.3955418744823
2026-03-09,29.4083556406386
2026-03-10,29.3635281380712
2026-03-11,25.4127763342638
2026-03-12,28.2025988307916
2026-03-13,26.178420140615
2026-03-14,15.3181563951936
2026-03-15,21.9640713892971
2026-03-16,27.3981565594124
2026-03-17,29.396779265851
2026-03-18,31.7560024934475
2026-03-19,27.3419641328247
2026-03-20,24.287808765285
2026-03-21,27.3704617774365
2026-03-22,32.813874812524
2026-03-23,24.5116908507529
2026-03-24,31.8260288131938
2026-03-25,21.6914307803151
2026-03-26,28.2738047793183
2026-03-27,26.221801996003
2026-03-28,27.3466296627891
2026-03-29,27.2262226896282
2026-03-30,31.4279053813793
2026-03-31,24.3531012014487
2026-04-01,29.2369993967365
2026-04-02,27.4201858603212
2026-04-03,21.81225587758
2026-04-04,28.3192099077678
2026-04-05,29.0597586269279
2026-04-06,25.4254396071975
2026-04-07,27.6578998481499
2026-04-08,23.9423372912425
2026-04-09,34.840426546248
2026-04-10,25.8431949193572
2026-04-11,30.9565421369466
2026-04-12,38.1732167602535
2026-04-13,37.9986728149795
2026-04-14,23.281041017611
2026-04-15,26.2803812521245
2026-04-16,23.3495607326331
2026-04-17,21.8549202048931
2026-04-18,25.9106261537589
2026-04-19,30.0054771431819
2026-04-20,22.7012239409497
2026-04-21,26.8203113831375
2026-04-22,20.8844681671225
2026-04-23,25.7947553993995
2026-04-24,21.9116902573629
2026-04-25,30.8903816794855
2026-04-26,25.3102757898831
2026-04-27,33.0815187144811
2026-04-28,31.8699061548593
2026-04-29,25.9818183162992
2026-04-30,28.643283268255
2026-05-01,27.2998016817022
2026-05-02,30.7945577346186
2026-05-03,26.2472986346785
2026-05-04,27.7084903698577
2026-05-05,28.2438265194809
2026-05-06,30.7820327814033
2026-05-07,25.884776579649
2026-05-08,31.7658046626377
2026-05-09,21.2591256594044
2026-05-10,29.7817058054595
2026-05-11,29.9200070038886
2026-05-12,25.2059628468941
2026-05-13,35.7818790932241
2026-05-14,23.4811301876026
2026-05-15,29.7114378443306
2026-05-16,25.6544123644917
2026-05-17,25.9040099354757
2026-05-18,33.8677927698059
2026-05-19,28.5492651640926
2026-05-20,27.9691592744902
2026-05-21,29.9336596368951
2026-05-22,27.9116335309429
2026-05-23,31.9073861250823
2026-05-24,25.9280927000614
2026-05-25,35.8782425009704
2026-05-26,21.419318875192
2026-05-27,27.8327552329164
2026-05-28,29.3366796490269
2026-05-29,29.8007414965053
2026-05-30,30.3296198934554
2026-05-31,32.3190742366999
2026-06-01,30.3483911485764
2026-06-02,32.3812957008269
2026-06-03,26.0692258477869
2026-06-04,28.8077053264859
2026-06-05,26.8504957700053
2026-06-06,21.7992105147648
2026-06-07,22.8712601075726
2026-06-08,23.847081417396
2026-06-09,23.7708421813158
2026-06-10,42.8527776653926
2026-06-11,25.4915173787481
2026-06-12,30.5906735366199
2026-06-13,22.3634348611308
2026-06-14,23.9016411230532
2026-06-15,30.3429015739164
2026-06-16,25.3365015838314
2026-06-17,24.4063985924149
2026-06-18,28.3052053754951
2026-06-19,29.9538309801196
2026-06-20,26.7458060608717
2026-06-21,23.9054735997664
2026-06-22,27.3916193157852
2026-06-23,32.4322571750803
2026-06-24,30.2976591422016
2026-06-25,27.3853348508767
2026-06-26,23.3433774606085
2026-06-27,19.8424386819736
2026-06-28,26.4104621194809
2026-06-29,26.306398790262
2026-06-30,25.4019673077598
2026-07-01,30.3257280716797
2026-07-02,30.8560415247793
2026-07-03,28.662127684433
2026-07-04,23.9515960734744
2026-07-05,29.2722966884841
2026-07-06,29.1440037763634
2026-07-07,21.095588633422
2026-07-08,24.3498132795043
2026-07-09,33.2189697184949
2026-07-10,33.8245314224366
2026-07-11,26.4726038872425
2026-07-12,25.3175238734683
2026-07-13,25.4032689179861
2026-07-14,30.9533492671455
2026-07-15,32.8623658315291
2026-07-16,33.3772200002567
2026-07-17,27.1753358135106
2026-07-18,32.9496990256664
2026-07-19,25.3222957983234
2026-07-20,27.328096228749
2026-07-21,29.8445473986434
2026-07-22,26.4925130070039
2026-07-23,26.3273851569436
2026-07-24,25.1917525758187
2026-07-25,31.302157949718
2026-07-26,26.1546537245951
2026-07-27,27.7231561272911
2026-07-28,23.8907164750085
2026-07-29,25.2173217028727
2026-07-30,24.872004552267
2026-07-31,25.1429016188038
2026-08-01,27.0837211115015
2026-08-02,24.0150459077316
2026-08-03,24.8930488032668
2026-08-04,29.8099606197122
2026-08-05,32.9303787048433
2026-08-06,30.2964928748317
2026-08-07,24.7625077932238
2026-08-08,29.6289585081714
2026-08-09,23.1960376110588
2026-08-10,29.2007892936581
2026-08-11,25.2986079387236
2026-08-12,29.8885484132762
2026-08-13,26.038263215989
2026-08-14,29.659513454087
2026-08-15,29.9334450211792
2026-08-16,28.5859777295881
2026-08-17,32.3476591128057
2026-08-18,28.4819721629574
2026-08-19,35.6992067959458
2026-08-20,26.6986163186112
2026-08-21,28.2564602133915
2026-08-22,25.304886468303
2026-08-23,29.8296216418215
2026-08-24,25.5686635734411
2026-08-25,30.5813105081022
2026-08-26,30.6410304171977
2026-08-27,27.8690903895969
2026-08-28,30.4411570639535
2026-08-29,25.8904147368457
2026-08-30,26.5095426292957
2026-08-31,28.0074648892083
2026-09-01,34.7918734944111
2026-09-02,34.5301978979559
2026-09-03,49.7673638152604
2026-09-04,48.0587077376384
2026-09-05,49.8060687979365
2026-09-06,52.0893906482899
2026-09-07,52.8675058890759
2026-09-08,47.3293893403775
2026-09-09,49.2140050637401
2026-09-10,48.9785541160178
2026-09-11,51.691922095484
2026-09-12,49.9012614764107
2026-09-13,49.9434612118182
2026-09-14,51.3059160100417
2026-09-15,49.8651598359172
2026-09-16,55.1187644972681
2026-09-17,49.8039562383697
2026-09-18,53.3623532729686
2026-09-19,54.4025999374623
2026-09-20,51.7044755477931
2026-09-21,46.2771304870227
2026-09-22,46.1464513142694
2026-09-23,41.1356392992904
2026-09-24,50.043783260445
2026-09-25,51.0936796965605
2026-09-26,47.9872018515176
2026-09-27,55.3171035115368
2026-09-28,51.7245728381178
2026-09-29,55.2139774179981
2026-09-30,42.0312118873889
2026-10-01,44.6014805659859
2026-10-02,49.1637588924169
2026-10-03,50.1081309004342
2026-10-04,47.0322555659209
2026-10-05,54.109165910235
2026-10-06,51.3350732984099
2026-10-07,52.1231412753777
2026-10-08,59.8023225091362
2026-10-09,51.5535766176073
2026-10-10,51.4212604321549
2026-10-11,49.2877135903415
2026-10-12,47.6682655901102
2026-10-13,46.449160729569
2026-10-14,56.7214928522554
2026-10-15,56.200944695954
2026-10-16,49.1218422174376
2026-10-17,46.8534376236077
2026-10-18,42.5263947811013
2026-10-19,49.6201301777852
2026-10-20,54.8618349399465
2026-10-21,39.6588444735632
2026-10-22,51.9124115666207
2026-10-23,47.5746009165143
2026-10-24,52.3413742844074
2026-10-25,43.7327267735914
2026-10-26,50.5546809749457
2026-10-27,47.5158322598628
2026-10-28,44.9701774908065
2026-10-29,47.7298682348169
2026-10-30,54.0200272763039
2026-10-31,54.2558274256107
2026-11-01,48.387105975207
2026-11-02,43.2444000833015
2026-11-03,46.2973909950223
2026-11-04,52.3714287837983
2026-11-05,54.4659509967088
2026-11-06,54.3560850246026
2026-11-07,51.0838684270926
2026-11-08,59.0130406390984
2026-11-09,48.8060737807788
2026-11-10,50.0887380781074
2026-11-11,50.5686923996766
2026-11-12,46.6845809530528
2026-11-13,47.6489193704405
2026-11-14,44.8025481468007
2026-11-15,58.0422178315985
2026-11-16,56.1447303966752
2026-11-17,49.1799568078843
2026-11-18,48.6391603470954
2026-11-19,48.9519657100433
2026-11-20,43.4522400674909
2026-11-21,46.8189673523478
2026-11-22,53.3435381376101
2026-11-23,50.4611905236483
2026-11-24,52.8741337166041
2026-11-25,46.3787132425004
2026-11-26,49.0728699089644
2026-11-27,48.2058171911184
2026-11-28,46.4271257593865
2026-11-29,43.5176364553064
2026-11-30,38.9884872752094
2026-12-01,27.6907635570412
2026-12-02,28.0396170417021
2026-12-03,29.267876527412
2026-12-04,23.9330077209957
2026-12-05,28.9081115027444
2026-12-06,30.0098089964029
2026-12-07,31.0573884600378
2026-12-08,25.2570087811908
2026-12-09,28.5115622037855
2026-12-10,33.0470207467476
2026-12-11,25.2212056786334
2026-12-12,26.5411194774164
2026-12-13,26.8283577446563
2026-12-14,29.8249922551267
2026-12-15,31.5620459907781
2026-12-16,30.2367318558793
2026-12-17,27.2517908631253
2026-12-18,28.7427948874115
2026-12-19,28.6693306635262
2026-12-20,25.1823585813028
2026-12-21,26.555767982139
2026-12-22,27.1269878652189
2026-12-23,29.5846494918351
2026-12-24,27.6402979088899
2026-12-25,32.1699538089647
2026-12-26,23.7320677471395
2026-12-27,26.8608469558664
2026-12-28,25.3382155034925
2026-12-29,30.8280088349352
2026-12-30,27.9339539652316
2026-12-31,24.8444182650502
2027-01-01,24.4005242859194
2027-01-02,32.4565038880819
2027-01-03,33.9412145479511
2027-01-04,26.3397423178831
2027-01-05,26.4801961005365
2027-01-06,36.4089795609799
2027-01-07,23.9193617297636
2027-01-08,28.7255278702334
2027-01-09,30.4739693982162
2027-01-10,33.8902758682398
2027-01-11,26.2787582451247
2027-01-12,32.5183104230617
2027-01-13,28.8491515312228
2027-01-14,32.5063874727448
2027-01-15,29.388850611883
2027-01-16,25.9455531019718
2027-01-17,35.4273936495419
2027-01-18,31.9670349676139
2027-01-19,20.9229249931212
2027-01-20,25.9906694174803
2027-01-21,26.4419752613906
2027-01-22,29.0550434658317
2027-01-23,22.4072509144585
2027-01-24,32.0851356683713
2027-01-25,22.9155382616059
2027-01-26,27.3524935440204
2027-01-27,22.3717650628498
2027-01-28,30.6726294936478
2027-01-29,26.9342655401252
2027-01-30,26.9307356623395
2027-01-31,25.4404003030483
2027-02-01,27.5851592541505
2027-02-02,26.4441034685987
2027-02-03,29.4163371380481
2027-02-04,26.8911619066484
2027-02-05,32.3458958891545
2027-02-06,34.0815814135692
2027-02-07,26.410269937506
2027-02-08,26.8728967288348
2027-02-09,33.411820518832
2027-02-10,35.9884542932368
2027-02-11,30.5929121607805
2027-02-12,33.0733176522009
2027-02-13,27.8710329575514
2027-02-14,27.5239637306247
2027-02-15,29.0835363330127
2027-02-16,25.9175265666213
2027-02-17,26.4065423949393
2027-02-18,33.5462786495179
2027-02-19,27.4793672784101
2027-02-20,29.5164174973312
2027-02-21,26.9384641919532
2027-02-22,23.4531515291855
2027-02-23,32.034808000114
2027-02-24,36.5266939407311
2027-02-25,26.4917523294326
2027-02-26,25.2765521294369
2027-02-27,24.9380932394076
2027-02-28,26.9088918527075
2027-03-01,28.8804079940821
2027-03-02,19.8641221127283
2027-03-03,29.0316824604457
2027-03-04,27.0780605443391
2027-03-05,25.4694130335231
2027-03-06,32.5778970563672
2027-03-07,25.9913334140916
2027-03-08,26.4760440739609
2027-03-09,29.4888578401172
2027-03-10,29.4440303375498
2027-03-11,25.4932785337423
2027-03-12,28.2831010302701
2027-03-13,26.2589223400935
2027-03-14,15.3986585946722
2027-03-15,22.0445735887756
2027-03-16,27.4786587588909
2027-03-17,29.4772814653295
2027-03-18,31.836504692926
2027-03-19,27.4224663323032
2027-03-20,24.3683109647635
2027-03-21,27.450963976915
2027-03-22,32.8943770120026
2027-03-23,24.5921930502314
2027-03-24,31.9065310126723
2027-03-25,21.7719329797936
2027-03-26,28.3543069787968
2027-03-27,26.3023041954815
2027-03-28,27.4271318622677
2027-03-29,27.3067248891067
2027-03-30,31.5084075808578
2027-03-31,24.4336034009272
2027-04-01,29.317501596215
2027-04-02,27.5006880597997
2027-04-03,21.8927580770585
2027-04-04,28.3997121072463
2027-04-05,29.1402608264064
2027-04-06,25.5059418066761
2027-04-07,27.7384020476284
2027-04-08,24.022839490721
2027-04-09,34.9209287457265
2027-04-10,25.9236971188357
2027-04-11,31.0370443364252
2027-04-12,38.2537189597321
2027-04-13,38.079175014458
2027-04-14,23.3615432170896
2027-04-15,26.360883451603
2027-04-16,23.4300629321116
2027-04-17,21.9354224043717
2027-04-18,25.9911283532374
2027-04-19,30.0859793426604
2027-04-20,22.7817261404282
2027-04-21,26.900813582616
2027-04-22,20.9649703666011
2027-04-23,25.875257598878
2027-04-24,21.9921924568414
2027-04-25,30.970883878964
2027-04-26,25.3907779893616
2027-04-27,33.1620209139596
2027-04-28,31.9504083543378
2027-04-29,26.0623205157777
2027-04-30,28.7237854677336
2027-05-01,27.3803038811807
2027-05-02,30.8750599340971
2027-05-03,26.327800834157
2027-05-04,27.7889925693362
2027-05-05,28.3243287189594
2027-05-06,30.8625349808818
2027-05-07,25.9652787791276
2027-05-08,31.8463068621162
2027-05-09,21.3396278588829
2027-05-10,29.862208004938
2027-05-11,30.0005092033671
2027-05-12,25.2864650463726
2027-05-13,35.8623812927027
2027-05-14,23.5616323870811
2027-05-15,29.7919400438091
2027-05-16,25.7349145639702
2027-05-17,25.9845121349543
2027-05-18,33.9482949692844
2027-05-19,28.6297673635712
2027-05-20,28.0496614739687
2027-05-21,30.0141618363736
2027-05-22,27.9921357304214
2027-05-23,31.9878883245609
2027-05-24,26.0085948995399
2027-05-25,35.9587447004489
2027-05-26,21.4998210746705
2027-05-27,27.9132574323949
2027-05-28,29.4171818485054
2027-05-29,29.8812436959838
2027-05-30,30.4101220929339
2027-05-31,32.3995764361784
2027-06-01,30.4288933480549
2027-06-02,32.4617979003055
2027-06-03,26.1497280472654
2027-06-04,28.8882075259644
2027-06-05,26.9309979694838
2027-06-06,21.8797127142433
2027-06-07,22.9517623070511
2027-06-08,23.9275836168745
2027-06-09,23.8513443807944
2027-06-10,42.9332798648711
2027-06-11,25.5720195782266
2027-06-12,30.6711757360984
2027-06-13,22.4439370606093
2027-06-14,23.9821433225317
2027-06-15,30.4234037733949
2027-06-16,25.41700378331
2027-06-17,24.4869007918934
2027-06-18,28.3857075749736
2027-06-19,30.0343331795981
2027-06-20,26.8263082603503
2027-06-21,23.9859757992449
2027-06-22,27.4721215152637
2027-06-23,32.5127593745588
2027-06-24,30.3781613416801
2027-06-25,27.4658370503552
2027-06-26,23.423879660087
2027-06-27,19.9229408814521
2027-06-28,26.4909643189594
2027-06-29,26.3869009897405
2027-06-30,25.4824695072383
2027-07-01,30.4062302711582
2027-07-02,30.9365437242578
2027-07-03,28.7426298839116
2027-07-04,24.0320982729529
2027-07-05,29.3527988879626
2027-07-06,29.2245059758419
2027-07-07,21.1760908329005
2027-07-08,24.4303154789828
2027-07-09,33.2994719179734
2027-07-10,33.9050336219151
2027-07-11,26.553106086721
2027-07-12,25.3980260729468
2027-07-13,25.4837711174646
2027-07-14,31.033851466624
2027-07-15,32.9428680310076
2027-07-16,33.4577221997353
2027-07-17,27.2558380129891
2027-07-18,33.0302012251449
2027-07-19,25.4027979978019
2027-07-20,27.4085984282275
2027-07-21,29.9250495981219
2027-07-22,26.5730152064825
2027-07-23,26.4078873564221
2027-07-24,25.2722547752972
2027-07-25,31.3826601491966
2027-07-26,26.2351559240736
2027-07-27,27.8036583267696
2027-07-28,23.971218674487
2027-07-29,25.2978239023512
2027-07-30,24.9525067517455
2027-07-31,25.2234038182823
2027-08-01,27.16422331098
2027-08-02,24.0955481072102
2027-08-03,24.9735510027454
2027-08-04,29.8904628191907
2027-08-05,33.0108809043218
2027-08-06,30.3769950743102
2027-08-07,24.8430099927023
2027-08-08,29.7094607076499
2027-08-09,23.2765398105373
2027-08-10,29.2812914931367
2027-08-11,25.3791101382022
2027-08-12,29.9690506127547
2027-08-13,26.1187654154676
2027-08-14,29.7400156535655
2027-08-15,30.0139472206577
2027-08-16,28.6664799290666
2027-08-17,32.4281613122842
2027-08-18,28.5624743624359
2027-08-19,35.7797089954244
2027-08-20,26.7791185180897
2027-08-21,28.3369624128701
2027-08-22,25.3853886677816
2027-08-23,29.9101238413001
2027-08-24,25.6491657729196
2027-08-25,30.6618127075807
2027-08-26,30.7215326166762
2027-08-27,27.9495925890755
2027-08-28,30.521659263432
2027-08-29,25.9709169363243
2027-08-30,26.5900448287742
2027-08-31,28.0879670886868
2027-09-01,34.8723756938896
2027-09-02,34.6107000974344
2027-09-03,49.8478660147389
2027-09-04,48.1392099371169
2027-09-05,49.886570997415
2027-09-06,52.1698928477685
2027-09-07,52.9480080885544
2027-09-08,47.409891539856
2027-09-09,49.2945072632186
2027-09-10,49.0590563154963
2027-09-11,51.7724242949625
2027-09-12,49.9817636758892
2027-09-13,50.0239634112967
2027-09-14,51.3864182095202
2027-09-15,49.9456620353957
2027-09-16,55.1992666967466
2027-09-17,49.8844584378482
2027-09-18,53.4428554724471
2027-09-19,54.4831021369408
2027-09-20,51.7849777472717
2027-09-21,46.3576326865012
2027-09-22,46.2269535137479
2027-09-23,41.2161414987689
2027-09-24,50.1242854599235
2027-09-25,51.174181896039
2027-09-26,48.0677040509961
2027-09-27,55.3976057110154
2027-09-28,51.8050750375963
2027-09-29,55.2944796174766
2027-09-30,42.1117140868674
2027-10-01,44.6819827654645
2027-10-02,49.2442610918954
2027-10-03,50.1886330999127
2027-10-04,47.1127577653994
2027-10-05,54.1896681097135
2027-10-06,51.4155754978884
2027-10-07,52.2036434748562
2027-10-08,59.8828247086148
2027-10-09,51.6340788170859
2027-10-10,51.5017626316334
2027-10-11,49.36821578982
2027-10-12,47.7487677895887
2027-10-13,46.5296629290475
2027-10-14,56.8019950517339
2027-10-15,56.2814468954325
2027-10-16,49.2023444169161
2027-10-17,46.9339398230862
2027-10-18,42.6068969805798
2027-10-19,49.7006323772637
2027-10-20,54.942337139425
2027-10-21,39.7393466730418
2027-10-22,51.9929137660992
2027-10-23,47.6551031159928
2027-10-24,52.4218764838859
2027-10-25,43.8132289730699
2027-10-26,50.6351831744242
2027-10-27,47.5963344593413
2027-10-28,45.0506796902851
2027-10-29,47.8103704342955
2027-10-30,54.1005294757824
2027-10-31,54.3363296250892
2027-11-01,48.4676081746856
2027-11-02,43.32490228278
2027-11-03,46.3778931945008
2027-11-04,52.4519309832768
2027-11-05,54.5464531961874
2027-11-06,54.4365872240812
2027-11-07,51.1643706265712
2027-11-08,59.0935428385769
2027-11-09,48.8865759802573
2027-11-10,50.1692402775859
2027-11-11,50.6491945991551
2027-11-12,46.7650831525313
2027-11-13,47.729421569919
2027-11-14,44.8830503462792
2027-11-15,58.122720031077
2027-11-16,56.2252325961537
2027-11-17,49.2604590073628
2027-11-18,48.7196625465739
2027-11-19,49.0324679095219
2027-11-20,43.5327422669694
2027-11-21,46.8994695518263
2027-11-22,53.4240403370886
2027-11-23,50.5416927231268
2027-11-24,52.9546359160826
2027-11-25,46.459215441979
2027-11-26,49.1533721084429
2027-11-27,48.2863193905969
2027-11-28,46.507627958865
2027-11-29,43.5981386547849
2027-11-30,39.0689894746879
2027-12-01,27.7712657565197
2027-12-02,28.1201192411806
2027-12-03,29.3483787268905
2027-12-04,24.0135099204743
2027-12-05,28.9886137022229
2027-12-06,30.0903111958814
2027-12-07,31.1378906595163
2027-12-08,25.3375109806693
2027-12-09,28.592064403264
2027-12-10,33.1275229462261
2027-12-11,25.3017078781119
2027-12-12,26.6216216768949
2027-12-13,26.9088599441348
2027-12-14,29.9054944546052
2027-12-15,31.6425481902566
2027-12-16,30.3172340553578
2027-12-17,27.3322930626038
2027-12-18,28.82329708689
2027-12-19,28.7498328630047
2027-12-20,25.2628607807814
2027-12-21,26.6362701816175
2027-12-22,27.2074900646974
2027-12-23,29.6651516913136
2027-12-24,27.7208001083685
2027-12-25,32.2504560084432
2027-12-26,23.812569946618
2027-12-27,26.9413491553449
2027-12-28,25.418717702971
2027-12-29,30.9085110344137
2027-12-30,28.0144561647101
2027-12-31,24.9249204645287
2028-01-01,24.4810264853979
2028-01-02,32.5370060875604
2028-01-03,34.0217167474297
2028-01-04,26.4202445173616
2028-01-05,26.560698300015
2028-01-06,36.4894817604585
2028-01-07,23.9998639292421
2028-01-08,28.8060300697119
2028-01-09,30.5544715976947
2028-01-10,33.9707780677184
2028-01-11,26.3592604446032
2028-01-12,32.5988126225402
2028-01-13,28.9296537307013
2028-01-14,32.5868896722233
2028-01-15,29.4693528113615
2028-01-16,26.0260553014503
2028-01-17,35.5078958490204
2028-01-18,32.0475371670924
2028-01-19,21.0034271925997
2028-01-20,26.0711716169588
2028-01-21,26.5224774608691
2028-01-22,29.1355456653102
2028-01-23,22.487753113937
2028-01-24,32.1656378678498
2028-01-25,22.9960404610844
2028-01-26,27.4329957434989
2028-01-27,22.4522672623283
2028-01-28,30.7531316931263
2028-01-29,27.0147677396037
2028-01-30,27.011237861818
2028-01-31,25.5209025025268
2028-02-01,27.665661453629
2028-02-02,26.5246056680772
2028-02-03,29.4968393375266
2028-02-04,26.9716641061269
2028-02-05,32.426398088633
2028-02-06,34.1620836130477
2028-02-07,26.4907721369845
2028-02-08,26.9533989283133
2028-02-09,33.4923227183105
2028-02-10,36.0689564927154
2028-02-11,30.673414360259
2028-02-12,33.1538198516795
2028-02-13,27.95153515703
2028-02-14,27.6044659301032
2028-02-15,29.1640385324912
2028-02-16,25.9980287660998
2028-02-17,26.4870445944178
2028-02-18,33.6267808489964
2028-02-19,27.5598694778886
2028-02-20,29.5969196968097
2028-02-21,27.0189663914317
2028-02-22,23.5336537286641
2028-02-23,32.1153101995925
2028-02-24,36.6071961402097
2028-02-25,26.5722545289112
2028-02-26,25.3570543289154
2028-02-27,25.0185954388861
2028-02-28,26.989394052186
2028-02-29,28.9609101935606
2028-03-01,19.9446243122068
2028-03-02,29.1121846599242
2028-03-03,27.1585627438176
2028-03-04,25.5499152330016
2028-03-05,32.6583992558457
2028-03-06,26.0718356135701
2028-03-07,26.5565462734394
2028-03-08,29.5693600395957
2028-03-09,29.5245325370283
2028-03-10,25.5737807332209
2028-03-11,28.3636032297486
2028-03-12,26.3394245395721
2028-03-13,15.4791607941507
2028-03-14,22.1250757882541
2028-03-15,27.5591609583694
2028-03-16,29.557783664808
2028-03-17,31.9170068924045
2028-03-18,27.5029685317817
2028-03-19,24.448813164242
2028-03-20,27.5314661763935
2028-03-21,32.9748792114811
2028-03-22,24.6726952497099
2028-03-23,31.9870332121508
2028-03-24,21.8524351792722
2028-03-25,28.4348091782754
2028-03-26,26.38280639496
2028-03-27,27.5076340617462
2028-03-28,27.3872270885852
2028-03-29,31.5889097803363
2028-03-30,24.5141056004057
2028-03-31,29.3980037956935
2028-04-01,27.5811902592782
2028-04-02,21.973260276537
2028-04-03,28.4802143067249
2028-04-04,29.2207630258849
2028-04-05,25.5864440061546
2028-04-06,27.8189042471069
2028-04-07,24.1033416901995
2028-04-08,35.001430945205
2028-04-09,26.0041993183142
2028-04-10,31.1175465359037
2028-04-11,38.3342211592106
2028-04-12,38.1596772139365
2028-04-13,23.4420454165681
2028-04-14,26.4413856510815
2028-04-15,23.5105651315901
2028-04-16,22.0159246038502
2028-04-17,26.0716305527159
2028-04-18,30.1664815421389
2028-04-19,22.8622283399067
2028-04-20,26.9813157820945
2028-04-21,21.0454725660796
2028-04-22,25.9557597983565
2028-04-23,22.07269465632
2028-04-24,31.0513860784425
2028-04-25,25.4712801888401
2028-04-26,33.2425231134381
2028-04-27,32.0309105538163
2028-04-28,26.1428227152562
2028-04-29,28.8042876672121
2028-04-30,27.4608060806593
2028-05-01,30.9555621335756
2028-05-02,26.4083030336355
2028-05-03,27.8694947688148
2028-05-04,28.404830918438
2028-05-05,30.9430371803603
2028-05-06,26.0457809786061
2028-05-07,31.9268090615947
2028-05-08,21.4201300583615
2028-05-09,29.9427102044166
2028-05-10,30.0810114028456
2028-05-11,25.3669672458511
2028-05-12,35.9428834921812
2028-05-13,23.6421345865596
2028-05-14,29.8724422432876
2028-05-15,25.8154167634487
2028-05-16,26.0650143344328
2028-05-17,34.0287971687629
2028-05-18,28.7102695630497
2028-05-19,28.1301636734472
2028-05-20,30.0946640358522
2028-05-21,28.0726379298999
2028-05-22,32.0683905240394
2028-05-23,26.0890970990184
2028-05-24,36.0392468999275
2028-05-25,21.580323274149
2028-05-26,27.9937596318735
2028-05-27,29.4976840479839
2028-05-28,29.9617458954623
2028-05-29,30.4906242924124
2028-05-30,32.4800786356569
2028-05-31,30.5093955475335
2028-06-01,32.542300099784
2028-06-02,26.2302302467439
2028-06-03,28.9687097254429
2028-06-04,27.0115001689624
2028-06-05,21.9602149137218
2028-06-06,23.0322645065296
2028-06-07,24.008085816353
2028-06-08,23.9318465802729
2028-06-09,43.0137820643496
2028-06-10,25.6525217777051
2028-06-11,30.7516779355769
2028-06-12,22.5244392600878
2028-06-13,24.0626455220102
2028-06-14,30.5039059728734
2028-06-15,25.4975059827885
2028-06-16,24.5674029913719
2028-06-17,28.4662097744522
2028-06-18,30.1148353790766
2028-06-19,26.9068104598288
2028-06-20,24.0664779987234
2028-06-21,27.5526237147423
2028-06-22,32.5932615740373
